TourID,FacilityID,TourName,TourType,TourDescription,TourDuration,TourAccessible,CreatedDate,LastUpdatedDate
100,234640,Grand Avenue,Cave Tour,"Dramatic cave changes, dry cave vs. damp cave, gypsum, dripstone, and early exploration.",240,false,2014-05-02,2018-06-14
1006,250029,White House Easter Egg Roll,Historic Tour,White House Easter Egg Roll,0,true,2019-01-01,2018-01-01
1007,250029,White House Easter Egg Roll,Historic Tour,White House Easter Egg Roll,0,true,2019-01-01,2018-01-01
1008,234787,Sunrise Photo Tour,Historic Tour,Sunrise Photo Tour ,60,true,2019-02-11,2019-02-11
1009,234636,Douglass Home Group Tour,Historic Tour,"Tour the Victorian mansion that was the last residence of famed abolitionist, statesman, and orator, Frederick Douglass",30,true,2019-02-13,2019-02-13
101,233266,Adult Annual Pass,Pass,Adult Annual Pass,0,false,2014-05-02,2018-06-14
1010,233374,Firefly Event,Nature Tour,Firefly Event,0,true,2019-01-01,2018-01-01
1011,250029,Firefly Event,Nature Tour,Firefly Event,0,true,2019-01-01,2018-01-01
1012,234640,Extended Historic Tour,Cave Tour,"Large trunk passages, oldest tour route and cultural history.",135,false,2019-03-21,2019-03-21
1013,233362,Cliff Palace Early Bird Tour,Cliff Dwelling Tour,"Photographers, and those who would like to visit the famous Cliff Palace through the historical photographers lens, take this opportunity to spend 90 minutes in Cliff Palace with a park ranger in a small group setting. Tripods and all kinds of cameras are welcome. BUT YOU MUST BE ABLE TO CARRY ALL OF YOUR GEAR WHILE KEEPING YOUR HANDS FREE TO CLIMB LADDERS. <br><br>Meet the ranger on the overlook above Cliff Palace at least 15 minutes in advance of the tour. Drive time to the Cliff Palace overlook from the park entrance is approximately one hour.",90,false,2019-03-25,2019-03-25
1014,233405,Life on the Lake Tour,Boat Tour,"Boards at the Rainy Lake Visitor Center, 1797 Town Road 342, International Falls, MN 56649. Discover the wonders and beauty of Voyageurs National Park. The captain will navigate Rainy Lake in search of active eagle nests and abundant wildlife. The boat will dock at Harry Oveson’s Fish Camp, one of the last commercial fishing camps on the Minnesota side of Rainy Lake, for a ¼ mile walk to view an ice house, fish processing shed and fisherman’s home. Tour runs from 11am - 1pm June 19 through August 31 on Wednesdays and Saturdays.",120,true,2019-04-10,2019-04-10
1016,233373,Gordon Meadows,Nature Tour,"Hikers will experience a meadow, wetlands, old growth trees and, cross country travel to a historic trail shelter location and the ”edge of the world” site. Great views all around.",360,false,2019-05-17,2019-05-17
1017,233373,Art in Nature - Parish Lake,Nature Hike,"Join our adventure on this moderate to easy ~2 mile hike to where the spring flowers thrive! While the exact location of this hike will depend on how the flower season progresses, you will still need the creative art materials of your choice, a lunch, and a sense of adventure. For some, art is more than drawing and painting. If art to you is taking photos or if you’re artistic inspiration comes from observing and meditating in nature, feel free to join us. Be prepared to visit the home of the flowers for several hours to ”Art” and experience the place at rest.",360,false,2019-05-17,2019-05-17
1018,233373,Art in Nature - Along the Middle Santiam,Nature Hike,Bring your art supplies and a sense of adventure to have an art filled experience in the great outdoors. ,360,false,2019-05-17,2019-05-17
1019,233373,Art in Nature - Art from Nature,Nature Hike,"Join our adventure on this moderate to easy ~2 mile hike to where the spring flowers thrive! While the exact location of this hike will depend on how the flower season progresses, you will still need the creative art materials of your choice, a lunch, and a sense of adventure. For some, art is more than drawing and painting. If art to you is taking photos or if you’re artistic inspiration comes from observing and meditating in nature, feel free to join us. Be prepared to visit the home of the flowers for several hours to ”Art” and experience the place at rest.",360,false,2019-05-17,2019-05-17
102,233266,Interagency Annual Passport,Pass,Interagency Annual Pass,0,false,2014-05-02,2018-06-14
1027,250795,"Kayak Adventure: Orleans, Eastham, and Wellfleet",Nature Tour,,180,true,2019-06-21,2019-06-21
1028,250795,"Kayak Trip: Evening on Gull Pond, Wellfleet",Nature Tour,,90,true,2019-06-21,2019-06-21
1029,250795,"Wet N Wild Activity, Wellfleet",Nature Tour,,90,true,2019-06-21,2019-06-21
103,233266,Senior Annual Pass,Pass,Senior Annual Pass,0,false,2014-05-02,2018-06-14
1030,250795,"Wet N Wild Activity, Provincetown",Nature Tour,,90,true,2019-06-21,2019-06-21
104,234640,Violet City Lantern,Cave Tour,"Lantern-light experience, prehistoric cave users, 19th century tours, early cave exploration and commercial uses.",180,false,2014-05-02,2018-06-14
105,234640,River Styx,Cave Tour,"Geologic development, water continuing to impact the cave.",150,false,2014-05-02,2018-06-14
106,234640,Frozen Niagara,Cave Tour,"Focus on formation of cave, development of dripstone and animal life.",75,false,2014-05-02,2018-06-14
107,234640,Passage Tour,Cave Tour,"Follow your guide to the Historic Entrance where the cave was first discovered more that 4,000 years ago.",75,false,2014-05-02,2018-06-14
108,234640,Discovery Tour,Cave Tour,"Visit the Rotunda, one of the largest rooms in the cave; explore a vast canyon passageway; and learn about 19th-century saltpeter mining operations and the geologic origins of Mammoth Cave on this self-guiding tour.",20,false,2014-05-02,2018-06-14
109,234640,Snowball Tour,Cave Tour,"Descend and ascend nearly 200 stairs at the Carmichael Entrance of Mammoth Cave, pass the craggy breakdown of the Rocky Mountains and enter gypsum encrusted Cleaveland Avenue.",180,false,2014-05-02,2018-06-14
1090,300008,Firefly Event,Nature Tour,Firefly Lottery Event,0,true,2020-01-28,2020-01-28
11,233405,Kettle Falls Cruise (Kabetogama Lake),Boat Tour,Voyage to the Historic Kettle Falls Hotel.  This tour takes you on a cultural and natural history tour of the park.  Spend 2 hours aboard the Borealis Tour Boat getting to the hotel. Once at the hotel spend 2 hours on land dining and touring the site and dam.  Then spend 1.5 hours on your return route.,330,false,2014-05-02,2018-06-14
110,250006,Standing General Admission,Historic Tour,Standing General Admission,0,false,2014-05-02,2018-06-14
1110,233373,Family Fall Foliage,Nature Tour,Enjoy three easy to moderate hikes for the whole family to view fall foliage. Children under 18 must be accompanied by an adult.  Bring your camera.,460,false,2020-03-13,2020-03-13
115,234640,Gothic Avenue Tour,Cave Tour,"Some areas of Mammoth Cave just seem magical, and Gothic Avenue is one of those special places.  This tour begins at the Visitor Center and enters that now famous entrance, as the ranger interprets areas including the Rotunda, the Church, Giants Coffin, and the TB Huts. Gothic Avenue is also included in the Star Chamber Tour that is offered during spring, summer and fall.",120,false,2014-05-02,2018-06-14
116,234668,Fiery Furnace Loop Tour,Hike,"The Fiery Furnace offers a labyrinth of narrow passageways and abrupt dead-ends among a series of sandstone fins. Though it does not encompass a very large area, it is easy to become disoriented or lost.",150,false,2014-05-02,2018-06-14
117,233244,Painted Rock Guided Tour,Historic Tour,"The tour begins at the Soda Lake Overlook at 10:00am. After an introduction and brief history of the Carrizo, the group will explore Soda Lake and the Carrizo Plains plant communities, with general wildflower identification.",180,false,2014-05-02,2018-06-14
118,233244,Painted Rock Self Guided Tour,Historic Tour,"The sandstone formation at Painted Rock has long drawn the attention of Carrizo Plain visitors.  About 3,000 - 4,000 years ago, Native Americans began to paint their sacred images within the alcove of the rock.  Not surprisingly, the power of this place continues to enthrall, and it still receives many visitors today.The Painted Rock Self Guided Tour Gives you a unique experience you cannot get any other place in the world.  It is a 1.4 mile round trip hike where you get to experience Painted rock and its wonderful Native American Pictographs ",90,false,2014-05-02,2018-06-14
119,233244,Saucito Ranch Tour,Historic Tour,The tours meet at the Goodwin Education Center off of Soda Lake Road at 10 a.m. and will caravan up to the ranch. Visitors should bring a sack lunch to enjoy while sitting on the ranch house veranda at the tour conclusion. ,150,false,2014-05-02,2018-06-14
12,233405,Ellsworth Rock Gardens Tour and Eagle Watch,Boat Tour,"Board the Borealis and cruise Kabetogama Lake in search of active eagle nests and other wildlife. At the gardens, join a ranger for a 1/4 mile tour (not accessible) of the unique rock sculptures, building remnants, and winding paths.",120,false,2014-05-02,2018-06-14
120,234645,Self-Guided Timed Entry,Historic Tour,"Self-guided timed Entry is offered every 15 mins. beginning at 10:30 a.m. to 90 minutes before closing, daily. Individuals may reserve up to 20 spaces and groups may reserve up to 100 spaces (large groups please book through the <a href=http://www.recreation.gov/tourSwitchSalesCategoryDisplay.do?contractCode=NRSO&parkId=79052&target=tourList/>group sales</a> section of the website).  Plan for a 90-minute visit to the Charters of Freedom (home to the Declaration, Constitution, and Bill of Rights), the Public Vaults permanent exhibit gallery, the OBrien temporary exhibit gallery, the Boeing Learning Center, and the David M. Rubenstein Gallery.",0,true,2014-05-02,2018-06-14
121,234645,Tour (Docent-Guided),Historic Tour,"While National Archives visitors guide themselves through the museum. Once per day, Monday through Friday, at 9:45 a.m we offer a 1-hour docent-led guided tour of the National Archives Museum. Individuals and groups may reserve up to 15 spaces. The tour includes the Rotunda for the Charters of Freedom (home to the Declaration of Independence, Constitution, and Bill of Rights) and the Public Vaults permanent, interactive exhibit gallery. ",60,true,2014-05-02,2018-06-14
122,233266,Discovery in the Dark Headlamp Tour,Cave Tour,"Discovery in the Dark Headlamp Tours take visitors into the last part of the Discovery Trail. The cave lights are off, and visitors will use helmet-mounted lights to get a look at life in the dark.",60,false,2014-05-02,2018-06-14
123,233266,Discovery Trail Tour,Cave Tour,"The Discovery Trail follows the path of the first explorers through large water-carved passages, under the natural entrance and along the cave stream.",90,false,2014-05-02,2018-06-14
124,233266,Wild Cave Tour,Cave Tour,"The Wild Cave Tour takes visitors through the undeveloped sections of the middle level of Blanchard. All gear is provided except boots. Particpants must wear boots with good ankle support and aggressive tread. The tour ends at the Titans formations. Participants must be at least ten years old, and ten to twelve year olds must be accompanied by a responsible adult. Each tour must have a minimum of 3 participants.",300,false,2014-05-02,2018-06-14
125,233266,Dripstone Trail Tour,Cave Tour,"The Dripstone Trail Tour travels through two huge rooms filled with an incredible variety and number of crystalline formations - sparkling flowstone, towering columns, and delicate soda straws. This shorter, easier trail takes visitors almost half a mile through the Caverns.",60,false,2014-05-02,2018-06-14
126,233266,Forest Seasonal Day Use Pass,Pass,Forest Seasonal Day Use Pass,0,false,2014-05-02,2018-06-14
127,233266,Senior Lifetime Pass,Pass,Senior Lifetime Pass,0,false,2014-05-02,2018-06-14
128,233266,Group Dripstone Trail Tour,Cave Tour,"The Dripstone Trail Tour travels through two huge rooms filled with an incredible variety and number of crystalline formations - sparkling flowstone, towering columns, and delicate soda straws. This shorter, easier trail takes visitors almost half a mile through the Caverns.",60,false,2014-05-02,2018-06-14
129,233266,Group Discovery Trail Tour,Cave Tour,"The Discovery Trail follows the path of the first explorers through large water-carved passages, under the natural entrance and along the cave stream.",90,false,2014-05-02,2018-06-14
130,233266,Interagency Access Passport,Pass,Interagency Access Passport,0,false,2014-05-02,2018-06-14
131,233282,Lower Vine Ranch Hike,Historic Tour,"Lower Vine Ranch was where Scotty lived - not Scottys Castle. Scottys modest cabin, garage, small blacksmith shed, grain shed, and corrals are seen on this 2-mile round trip ranger-guided hike over uneven surfaces.",150,false,2014-05-02,2018-06-14
132,233282,House-Underground Combo Tour,Combo Tour,House-Underground Combo Tour,0,false,2014-05-02,2018-06-14
133,233282,Underground Tour,Historic Tour,"1-hour walking tour of basement, tunnels and power house, focuses on 1920s technology used at Scottys Castle.",60,false,2014-05-02,2018-06-14
134,233282,House Tour,Historic Tour,Guided walking tour through main rooms in Scottys Castle.,60,false,2014-05-02,2018-06-14
135,233282,Group House Tour,Historic Tour,Guided walking tour through main rooms in Scottys Castle.,0,false,2014-05-02,2018-06-14
136,233282,Group Underground Tour,Historic Tour,"1-hour walking tour of basement, tunnels and power house, focuses on 1920s technology used at Scottys Castle.",0,false,2014-05-02,2018-06-14
137,233274,Guevavi and Calabazas Missions Tour,Historic Tour,"The ruins of Guevavi and Calabazas Missions, protected as a part of Tumacacori National Historical Park and normally closed to the public,can be visited as a participant in these special reserved tours.",240,false,2014-05-02,2018-06-14
138,234166,Picket Wire Canyonlands Guided Auto Tour,Historic Tour,Guided Auto Tour of Picket Wire Canyonlands. Home to the largest dinosaur tracksite in North America,480,false,2014-05-02,2018-06-14
14,233405,Grand Tour,Boat Tour,"Discover the wonders and beauty of Voyageurs National Park.  The captain will navigate Rainy Lake in search of active eagle nests, abundant wildlife, and a historic commercial fishing camp. This tour includes a stop at Little American Island (1/4 mile accessible walk) where gold was discovered in the 1890s.",150,true,2014-05-02,2018-06-14
142,234787,Audio Kiva Trail  Tour,Historic Tour,"Take as much time as you need on this self-guided tour while you stroll along the paved Great Kiva Trail and make your way toward a 44-foot diameter excavated great kiva and an excavated pit house, a typical residence of the ancient ones and a sacred archeoastronomy site.  A Site Monitor will be available to answer questions about the story of the people who lived at the Monument 1,000 years ago. This tour does not require reservations but you will still need to check-in at the cabin. ",0,true,2014-05-02,2018-06-14
143,234787,Full Moon & Early Tour Package,Historic Tour,"Early tour: If youve never been to Chimney Rock National Monument, take this opportunity to learn more about the people who lived in this wondrous site 1,000 years ago. Youll walk the one-third-mile Great Kiva Trail with a tour guide, then climb the Pueblo Trail in time for the Full Moon program",240,false,2014-05-02,2018-06-14
144,234787,Night Sky: Our Solar System,Historic Tour,"Your evening begins with a one hour interactive discussion at the Visitor Center on the archaeoastronomy of Chimney Rock and a preview of what guests may expect to see with telescopes. Topics range from astronomy, what the full moon meant to the Ancient People, and how a telescope helps us see stars. As darkness descends, guests drive to the High Mesa parking lot where volunteer astronomers await with telescopes to provide a closer look at the full moon. Focus will shift to deeper-sky objects plus any man-made objects that come into view. This program is perfect for young families and those with limited mobility.",210,true,2014-05-02,2018-06-14
145,234787,Moon View,Historic Tour,"At the conclusion of the full moon program you will hike down to the parking lot where telescopes will be set up for the full moon viewing. Volunteer astronomers will be on hand to explain different features of the moon and answer any questions you may have. Dont miss the moon in its full glory at this wonderful program. This is a $5 add-on to the $15 full moon program and tickets are non-refundable, rain or shine.",120,false,2014-05-02,2018-06-14
146,234787,Early Tour,Historic Tour,"If youve never been to Chimney Rock National Monument, take this opportunity to learn more about the people who lived in this wondrous site 1,000 years ago. Youll walk the one-third-mile Great Kiva Trail with a tour guide, and then climb the Pueblo Trail in time for the full moon program.  Guests will see a 44-foot diameter excavated great kiva on this early tour. Also on this easy trail, theres an excavated pit house, a typical residence of the ancient ones. This is a $5 add-on to the other program and tickets are non-refundable, rain or shine.",60,false,2014-05-02,2018-06-14
15,233405,Kettle Falls Cruise (Rainy Lake),Boat Tour,"Voyage to the Historic Kettle Falls Hotel.  This tour takes you on a cultural and natural history tour of the park.  Spend 2.5 hours aboard the Voyageur getting to the hotel. Once at the hotel spend 2 hours on land, dining and touring the site.  Then spend 2 hours on your return route.",390,false,2014-05-02,2018-06-14
151,250006,Seated General Admission,Historic Tour,Seated General Admission,0,false,2014-05-02,2018-06-14
152,249985,Sailing on Alma,Historic Tour,"Haul lines to raise the sails with National Park Service Rangers as you explore the Bay aboard the historic 60 foot Alma! Take in dazzling views and San Franciscos riveting history: Native Americans, Spanish explorers, the Gold Rush, lighthouses, the Barbary Coast, Fishermans Wharf, earthquakes, shipbuilding and more! Before highways and bridges, hundreds of scow schooners like Alma plied San Francisco Bay, hauling goods as the flatbed trucks of their day. The last of her kind, Alma will transport you to a long ago era on this unique, hands-on, educational sailing program with the National Park Service. Sailing runs on selected days from  June to November. ",210,true,2014-05-02,2018-06-14
154,249993,Introduction to Caving Tour,Cave Tour,"The ranger-led, 1.5 hour Introduction to Caving Tour introduces visitors to the sport of caving. Although not a wild caving experience, the tour requires bending, crawling, and good physical condition. The tour is limited to 5 people, age 14 or older, and requires advanced tickets.   Add an additional 2+ hours for hiking to and from the caves. (Approx. 3 hours round trip)",240,false,2014-05-02,2018-06-14
155,249993,Cave Tour,Cave Tour,"All cave tours are guided by a park ranger. The regular  tour through all three caves lasts about an hour on a paved, lighted route. Touring the cool wet caves requires some bending and crouching. The caves are 45 F, 8 C. It is very common for these tours to sell out daily during the summer season. ",210,false,2014-05-02,2018-06-14
157,250795,"Yoga on the Beach: Herring Cove Beach, Provincetown",Nature Tour,Yoga at the Cove: Provincetown,75,false,2014-06-19,2019-06-23
159,250795,Hike: Roads Less Traveled - Ballston Beach 7/19/14,Nature Tour,Hike: Roads Less Traveled - Ballston Beach 7/19/14,180,false,2014-06-19,2018-06-14
16,233338,USS Arizona Memorial,Historic Tour,"World War II Valor in the Pacific National Monument was established to preserve a series of sites which tell the story of the war between the U.S. and Japan in the Pacific.<br> The monument protects nine sites in three states. The Hawaii sites include Battleship Row in Pearl Harbor, the USS Arizona Memorial, the USS Oklahoma Memorial, the USS Utah Memorial and six Chief Petty Officer bungalows on Ford Island.  Pearl Harbor Memorial TheaterThe Pearl Harbor Memorial Theater is located across from the two exhibit galleries. As part of the 75-minute USS Arizona Memorial program (immediately preceding the boat trip to the actual Memorial), visitors will enter the theater to view a 23-minute documentary film on the December 7, 1941 attack.",75,true,2014-05-02,2018-06-14
161,250795,"Surfcasting 101, Eastham",Nature Tour,Surfcasting 101,90,false,2014-06-19,2019-06-23
163,250795,Hike: Roads Less Traveled - Bound Brook Island 8/16/14,Nature Tour,Hike: Roads Less Traveled - Bound Brook Island 8/16/14,180,false,2014-06-19,2018-06-14
164,250795,"Fish, Snails, and Horseshoe Crab Tales, Eastham",Nature Tour,"Fish, Snails, and Horseshoe Crab Tales: Wellfleet",90,false,2014-06-19,2019-06-23
165,250795,"Yoga on the Beach: Nauset Light Beach, Eastham",Nature Tour,Yoga on the Beach: Eastham,75,false,2014-06-19,2019-06-23
166,233274,Family Sleepover,Historic Tour,"For the first time since its establishment as a national park site in 1908, campers seeking overnight shelter will be invited to stay the night within the walls of Mission San Jos de Tumaccori.  Camping out under the stars is a beloved tradition in national parks, says Superintendent Bob Love, We are so excited to offer visitors the chance not just to camp here at Tumaccori, but to experience this place the way travellers did over one hundred years ago.",870,false,2014-07-10,2018-06-14
17,233338,USS Arizona Memorial Education Tour,Historic Tour,"World War II Valor in the Pacific National Monument was established to preserve a series of sites which tell the story of the war between the U.S. and Japan in the Pacific.<br> The monument protects nine sites in three states. The Hawaii sites include Battleship Row in Pearl Harbor, the USS Arizona Memorial, the USS Oklahoma Memorial, the USS Utah Memorial and six Chief Petty Officer bungalows on Ford Island.  Pearl Harbor Memorial TheaterThe Pearl Harbor Memorial Theater is located across from the two exhibit galleries. As part of the 75-minute USS Arizona Memorial program (immediately preceding the boat trip to the actual Memorial), visitors will enter the theater to view a 23-minute documentary film on the December 7, 1941 attack.",75,true,2014-05-02,2018-06-14
170,233362,Oak Tree House,Cliff Dwelling Tour,"This 60-room site built on two ledges is one of the largest cliff dwellings in the park. Oak Tree House is a well preserved but fragile site that features plastered walls and varied architectural styles.<br><br>This tour is available from May 3rd, 2016 to May 28th, 2016 on Tuesdays and Saturdays and September 12th, 2016 to October 16th, 2016 on Mondays and Fridays. Meet the ranger for your hike at Sun Temple Overlook no later then 7:45 am. Hikers for Oak Tree House depart promptly at 8:00 am. Drive time from the park entrance is approximately one hour.",120,false,2015-02-12,2018-06-14
172,233266,Dripstone Trail Photo Tour,Cave Tour,"The Dripstone Trail Photo Tours allow for the use of time exposures, tripods, and other photo equipment. The tours provide time but not instruction for cave photography. There is no group rate for this tour.",240,false,2015-04-09,2018-06-14
173,233266,Discovery Trail Photo Tour,Cave Tour,"The Discovery Trail Photo Tours allow for the use of time exposures, tripods, and other photo equipment. The tours provide time but not instruction for cave photography. There is no group rate for this tour.",240,false,2015-04-09,2018-06-14
174,233362,Wetherill Mesa Bike and Hike Adventure,Natural and Cultural Hike,"If you like both hiking and biking, this is the trip for you. This ranger-guided, 4.5 hour trek on the quieter side of Mesa Verde includes about 5 miles (8.1 km) of biking and 4 miles (6.4 km) of hiking. Expansive canyon views, spectacular overlooks of remote cliff dwellings, and a tour of magnificent Long House are all part of this adventure.<br><br>This tour is available from Wednesday, June 1st, 2016 to Sunday, September 4th, 2016 on Wednesdays and Sundays. It departs from the Wetherill Mesa parking lot. Meet the ranger at the picnic shelter by the restrooms at least 15 minutes advance. Total distance from the park entrance is 27 miles (43 km). Allow an hour and 15 minutes travel time from the park entrance. The group will leave promptly at 9:30 am.<br><br>Vehicles on this road are restricted to less than 8,000 pounds and 25-feet in length.",270,false,2015-04-09,2018-06-14
175,233373,Winter Snowshoe Hike on Santiam Pass ,Nature Tour,"Explore what early travel was like in the forest in the historic Santiam River Area that once linked the Willamette Valley to eastern Oregon. The exact route will depend on snow conditions.  Conditions can be tough, no novices please.",480,false,2015-04-09,2018-06-14
176,233373,Art in the Great Outdoors ,Nature Tour,"Take a hike to the edge of the Middle Santiam Wilderness.  Photographers and artists bring your supplies and be prepared to hike in with them.  Enjoy a flowing river, old growth forest, and a swimming hole.",480,false,2015-04-09,2018-06-14
177,233373,General Outdoor Preparedness,Nature Tour,Learn skills on how to survive an outdoor emergency in Western Oregon.,480,false,2015-04-09,2018-06-14
178,233373,Browder Ridge and Heart Lake ,Nature Tour,"Hike through old growth Douglas-fir forest to subalpine meadows with great views of the Cascade peaks, with a side trip into Heart Lake.",480,false,2015-04-09,2018-06-14
179,251573,Guided Tour of Theodore Roosevelts Home,Historic Tour,A Guided Tour of Theodore Roosevelts Home provided park staff or a volunteer ,45,true,2015-05-21,2018-06-14
18,233338,Narrated Tour,Historic Tour,"A newly-updated audio tour narrated by actress Jamie Lee Curtis, daughter of actor and Pacific War veteran, Tony Curtis. The audio tour provides narration throughout the visitor center, interpretive exhibit galleries, and waterfront interpretive displays, in addition to providing interpretive information on the shuttle boats and on the Memorial. Featuring guest narration by actual Pearl Harbor Survivors and National Park Service Historian Daniel Martinez, the audio tour is recommended for all visitors waiting for their program to begin.<br><br>For visitors interested in the audio tour, headsets are available for rent at the booth to the left of the NPS Tickets and Information Desk. The audio tour is available in seven languages: English, French, Japanese, Korean, Mandarin, German, and Spanish.",0,true,2014-05-02,2018-06-14
180,251573,Large Group/Commercial Group Tour of Theodore Roosevelts Home,Historic Tour,A Guided Tour of Theodore Roosevelts Home provided by park staff or a volunteer for commercial bus or other tour companies.,150,true,2015-05-21,2018-06-14
182,251610,Discovery Tour,Cave Tour,"Squeeze through the narrow twisting passages of the Oregon Caves. See glistening flowstone and weird hanging curtains of rock. Discover the complex geology of the Siskiyou Mountains from the inside-out. Learn about cave life and the fossils found within these marble halls. But above all, or should we say under all, come and have an adventure! ",90,false,2015-06-25,2018-06-14
183,251610,Candlelight Cave Tour,Historic Tour,"On summer Fridays and Saturdays, the last tour of the day is conducted by candle light. This gives visitors (ages 12 and over) a chance to see what early explorers of the cave might have seen as they went from room to room with a candle.",60,false,2015-06-25,2018-06-14
184,251610,Off-Trail Tour,Cave Tour,"Experience the wondrous, wild areas of Oregon Caves National Monument off trail! Trained guides will teach you caving techniques, cave etiquette, and bring you face-to-face with the marble structure of Oregon Caves. This three-hour experience through tight squeezes and crawls will challenge and exhilarate you! This is a very strenuous, adventurous experience. Scramble boulders, belly crawl, negotiate uneven rock piles, and squeeze yourself through confined cave passages as small as 11 inches by 19 inches. The only source of light is your caving headlamp!",210,false,2015-06-25,2018-06-14
185,234640,Cleaveland Avenue,Cave Tour,"Descend nearly 200 stairs at the Carmichael Entrance, pass the craggy breakdown of the Rocky Mountains and enter gypsum encrusted Cleaveland Avenue. This tour showcases gypsum in various crystalline shapes and sizes. The beautifully elliptical Cleaveland Avenue terminates in the Snowball Dinning Room, viewed by visitors since 1840s. Visitors retrace Cleaveland Avenue, ascending nearly 200 stairs to the Carmichael Entrance. The entire route is seen on the Grand Avenue Tour. Restroom facilities and water fountains will be available in the Snowball Room. However, no food or beverages, other than water are permitted or provided.",150,false,2015-09-03,2018-06-14
187,251745,Accessible Wheelchair ONLY Tour,Historic Tour,"Access to Rapidan Camp involves traveling on a Park-operated van on a seven-mile unpaved administrative road. For this reason, visitors must join a Ranger-guided program to travel to the site. A ranger guided tour of Rapidan Camp includes time inside both the Brown House and the Prime Ministers Cabin, as well as time exploring the grounds and gardens within the Historic Landmark. The shuttle ride is approximately 30 minutes each way. Total tour time (including travel) is 2.5 hours. Tours can be reserved up to a week in advance. Seating is limited, so early reservations are recommended. These popular programs do require some walking and standing on level ground during the tour. Many tours are accessible and can accommodate a wheelchair on the shuttle and at the site.",150,true,2015-09-10,2018-06-14
188,251745,Historic Rapidan Camp Tour,Historic Tour,"Access to Rapidan Camp involves traveling on a Park-operated van on a seven-mile unpaved administrative road. For this reason, visitors must join a Ranger-guided program to travel to the site. A ranger guided tour of Rapidan Camp includes time inside both the Brown House and the Prime Ministers Cabin, as well as time exploring the grounds and gardens within the Historic Landmark. The shuttle ride is approximately 30 minutes each way. Total tour time (including travel) is 2.5 hours. Tours can be reserved up to a week in advance. Seating is limited, so early reservations are recommended. These popular programs do require some walking and standing on level ground during the tour. Many tours are accessible and can accommodate a wheelchair on the shuttle and at the site.",150,false,2015-09-10,2018-06-14
189,251573,Group Tour of Theodore Roosevelts Home for Educational Institutions,Historic Tour,A Guided Tour of Theodore Roosevelts Home provided by park staff or a volunteer  for non-commercial educational groups from schools and other bona fide academic institutions.,150,true,2015-09-10,2018-06-14
19,233338,Passport,Historic Tour,"Consider combining with your upcoming visit to the USS <i>Arizona</i> Memorial with the ability to access the Battleship <i>Missouri</i> Memorial, USS <i>Bowfin</i> Submarine Museum, and the Pacific Aviation Museum at Pearl Harbor. The USS <i>Arizona</i> Memorial does not charge a use fee, but there are charges for the Battleship <i>Missouri</i> Memorial, USS <i>Bowfin</i> Submarine Museum and Pacific Aviation Museum, which are operated by private, non-profit groups.<br><br>If you plan to visit all four of the facilities, please allow a minimum of five (5) hours for the complete Pearl Harbor experience. You may wish to allot some additional time to rest between tours, enjoy a bite to eat, and to visit our gift shops.",0,true,2014-05-02,2018-06-14
192,234635,WALK-UP Washington Monument,Historic Tour,WALK-UP Washington Monument,30,true,2015-11-12,2018-06-14
193,234635,2016 Washington Monument,Historic Tour,2016 Washington Monument,30,true,2015-11-12,2018-06-14
194,251853,Grand Palace,Cave Tour,.,90,false,2016-02-04,2018-06-14
195,251853,First Room,Cave Tour,.,30,true,2016-02-04,2018-06-14
196,251853,Lodge Room,Cave Tour,.,60,false,2016-02-04,2018-06-14
197,251853,Gothic Palace - Accessible,Combo Tour,1st Room,0,false,2016-02-04,2018-06-14
199,251898,Family Tour,Cave Tour,"After passing through the spider web gate, your guide will give you a brief history of the Cave and point out unique features and formations. You will then be led from room to room on paved, lighted pathways, pausing to listen to the water and echoes in the Cave in total darkness.",50,false,2016-02-11,2018-06-14
2,234787,Summer Solstice,Historic Tour,Observe the summer solstice amid the ancient ruins of Chimney Rock mesa.  Attendees enter the National Monument in pre-dawn darkness and meet a volunteer program leader who will escort them to two special places on Chimney Rock mesa. ,120,false,2014-05-02,2018-06-14
20,233373,Birding in Your Parks Series: Riverbend County Park & Cascadia State Park,Nature Hike,"Birdwatching for beginners at Park locations.  Learn how to identify birds by sight and sound, along with learning habitat for resident and migratory species.",360,false,2014-05-02,2018-06-14
200,251898,Junior Caver Tour,Cave Tour,"On this tour, your child will learn about the world of cave exploration by participating in his/her own cave adventure! Young explorers will be provided with all the necessary gear- helmet, kneepads, light- before entering the Cave with two trained naturalists. The group will leave the paved trail, away from the tour lights, for a short trip to The Well that lies below the main level of Crystal Cave. Cavers must be in good physical condition, able to climb over large rocks and have no fear of small or enclosed spaces. Participants should expect to get dirty!",150,false,2016-02-11,2018-06-14
201,251898,Discovery Tour,Cave Tour,Get an in-depth experience of Crystal Caves geology and the interesting plants and animals living in and around the Cave. Participants meet their naturalist at the beginning of the trail and the group proceeds on their ecosystem exploration inside the Cave. The Cave portion of the tour is led by flashlight. Flashlights provided.,90,false,2016-02-11,2018-06-14
202,251898,Wild Cave Tour,Cave Tour,"Explore off-trail, crawl, and climb through passageways, over steep drop-offs and past intricate formations on a belly-crawling tour. This tour gives you the opportunity to learn about Sierran caves first hand. Your cave guide will explain how the delicate formations such as soda straws, rimstone dams and cave pearls are formed. Experience total darkness and silence interrupted only by the rhythmic sounds of dripping and flowing water. Expect to come away with great memories, new knowledge and insight, intermingled with sore muscles and a thick coating of dirt from head to toe. All participants must be in good physical condition to participate.",270,false,2016-02-11,2018-06-14
205,233362,Balcony House Sunrise Tour,Cliff Dwelling Tour,"Begin your day as the Ancestral Pueblo people have for generations. Climb into Balcony House as the sun rises, and step into the 21st Century of our national parks. The tour begins at the north end of the Balcony House parking lot, a 24-mile (38.6 km), 1 to 11/4 hour drive from park entrance. Meet the ranger at the benches under shade structure at Balcony House at least 15 minutes in advance of start of tour.<br><br>Dress warmly and bring a flashlight. Cameras are welcome, but you must be able to carry all of your gear while keeping your hands free to climb the ladders.<br><br>The tour is available on May 7th, June 20th, June 21st, September 21st, September 22nd, and October 10th.",90,false,2016-02-25,2018-06-14
206,233373,Wildflowers and Waterfalls,Nature Tour,"An easy hike to Horse Rock Ridge with its diverse array of wildflowers, then onto McDowell Creek Falls for another easy 3 mile hike.",480,false,2016-12-08,2018-06-14
207,233373,Crescent Mountain,Nature Tour,"An 8 mile roundtrip hike with 2000 elevation gain, through spruce and old-growth forests to subalpine meadows to the old lookout site.  Great views!",480,false,2016-12-08,2018-06-14
209,233362,Spring House,Cliff Dwelling Tour,"As you hike to Spring House, you will be rewarded with views of alcove sites in Navajo and Wickiup Canyons. Spring House is the largest unexcavated cliff dwelling in the park. It has 86 rooms and seven kivas. This site is extremely fragile. You will not enter the site, but will get excellent views of the cliff dwelling from a platform built at the south end of the village.<br><br>This tour is available from Sunday May 1st, 2016 to Wednesday, May 25, 2016 on Sundays and Wednesdays and from Sunday September 11th, 2016 to Wednesday, October 12th, 2016 on Sundays and Wednesdays. Hikers depart for Spring House at 8:00 am from the Chapin Mesa Archeological Museum. Meet the ranger for your hike at least 15 minutes in advance. Drive time to the museum from the park entrance is approximately 45 minutes.",480,false,2016-12-08,2018-06-14
21,233373,Cascadia Cave,Cave Tour,Follow the historic footsteps of the Kalapuya Indians along the lower floodplains of the South Santiam River. Includes traditional uses of plants. The trail may be muddy.,390,false,2014-05-02,2018-06-14
210,233362,Mug House,Cliff Dwelling Tour,"Named for three mugs tied together with yucca rope found hanging inside one of its rooms, Mug House was first visited by the Wetherill brothers of Mancos, Colorado in 1889. The site was not completely excavated and stabilized until 1960-61 as part of the Wetherill Mesa Project, a joint project of the National Park Service and National Geographic Society.<br><br>Mug House was built over several decades in the AD 1100s and 1200s and likely supported a population of 80 to 100 people. Along the route to this amazing site, you will visit other Ancestral Puebloan sites including Adobe Cave, which features partially excavated rooms. This ranger-guided hike offers wonderful views of Rock Canyon.<br><br><b>Vehicles on this road are restricted to less than 8,000 pounds and 25-feet in length.</b>",120,false,2016-12-08,2018-06-14
211,233362,Yucca House,Historic Tour,"Yucca House National Monument is located 8 miles south of Cortez, Colorado. The large, unexcavated pueblo was probably built around AD 1200. The massive building and central location in the Montezuma Valley suggest that it was an important village. Yucca House has limited on-site parking, so tour participants will meet at the Colorado Welcome Center in Cortez and carpool to the site. A brief orientation will precede the tour. Meet the ranger at 8:00 am at the Colorado Welcome Center at 928 E. Main, Cortez, Colorado (on the corner of Mildred and Main.)<br><br>The Yucca House tour is available on Saturday May 14th, 2016 and Saturday September 10th, 2016.",180,false,2016-12-08,2018-06-14
212,233373,Gordon Meadows - Wildflowers,Nature Tour,"Come see Gordon Meadows in full bloom.  Enjoy wildflowers such as Camas Lily, Elephant Head, Sundew and much more. Come prepared for a day in the forest.  Bring lunch, water, and appropriate clothing..",480,false,2016-12-08,2019-05-16
213,233373,Iron Mountain & Cone Peak,Historic Tour,"Explore cultural history, wildflowers, panoramic views and geological formations that surround these two landmarks.",480,false,2016-12-08,2019-05-16
214,233373,Tidbits Mountain,Historic Tour,Hikers will climb to an old lookout with an expansive view.  Follow an ancient Indian route will old growth forest and rock gardens.  The trail is rocky and steep.,480,false,2016-12-08,2018-06-14
219,234640,Mammoth Cave Accessible Tour,Cave Tour,Mammoth Cave Accessible Tour,120,true,2016-12-08,2018-06-14
22,233373,Wildflower Hike: Low Elevation Meadows & Forests,Nature Hike,Explore habitat characteristics and conditions that produce the amazing array of low elevation wildflowers that return each spring. Includes wildflower identification and traditional uses of plants.,450,false,2014-05-02,2018-06-14
220,250795,"Canoe Trip: Salt Pond Paddle, Eastham",Nature Tour,"Offered at 2:00 p.m. on Sundays, 10:00 a.m. on Mondays; 2:00 p.m. on Tuesdays; 10:00 a.m. and 2:00 p.m. on Fridays; 2:00 p.m. on Saturdays in July and August 2016 in Eastham. 1  hours, 1  miles. Take a leisurely paddle in the protected waters of the Salt Pond and nearby area of Nauset Marsh to explore its beauty and diversity. Reservations for this program are taken no more than one week in advance beginning at 10 AM. Organized groups of more than 8 people may not register. Check at the visitor center 508-255-3421 ext 0 to see if same day reservations are available.",90,false,2016-12-08,2019-06-23
222,251573,Scout Program & Tour of Theodore Roosevelts Home,Historic Tour,"The Boy Scouts of America and the Girl Scouts of United States of America are partners with the National Park Service in encouraging young people to explore their National Parks.  Sagamore Hill NHS continues TRs dedication to scouting by offering opportunities for achievementbased programs along with a guided tour of Theodore Roosevelts Home.  Information about available programs are found at: https://www.nps.gov/sahi/learn/kidsyouth/scouting.htm. After making your reservation, please coordinate with our Scout Coordinator by calling 516-922-4788 or email SAHI_Interpretation@nps.gov",120,true,2016-12-08,2018-06-14
223,251573,Fee Free Guided Tour of Theodore Roosevelts Home,Historic Tour,A Guided Tour of Theodore Roosevelts Home provided by park staff or a volunteer.,45,true,2016-12-08,2018-06-14
224,251937,Untold Stories: Topic Varies Historic District Walking Tour,Historic Tour,"Six blocks of downtown Skagway, Alaska are designated as a National Historic District. Within this zone, private, state, city, and federal interests have cooperated to preserve or restore the late 1890s atmosphere. Klondike Gold Rush NHP manages 20+ buildings in the Historic District and just outside its boundary. These buildings are being preserved by the National Park Service to honor the struggles of the stampeders of the Klondike Gold Rush and to preserve the legacy of this important event in our nations history. The walking tour retraces the steps of people who flooded the area creating a boomtown on their way to Klondike in 1898. ",45,true,2016-12-08,2018-06-14
226,251937,Jeff. Smiths Parlor Museum Guided Tour,Historic Tour,"One of Skagways most prominent buildings, the Jeff. Smiths Parlor Museum is forever connected to the notorious outlaw Jefferson Randolph Soapy Smith. Although Smith led his nefarious band of con men from its cramped rooms, he only occupied the building for three short months before his death in a gunfight. What happened to the building after Smiths demise is a unexpected story with a surprising array of owners, uses, and even relocations. Step inside and experience the facinating museum to Jefferson Soapy Smith created by Skagway promoters Martin Itjen and George Rapuzi.  See the impressive array of curios and artifacts and youll agree its the greatest attraction in the world.",30,true,2016-12-08,2018-06-14
227,251944,Yaquina Head Lighthouse Tour,Historic Tour,"Travel back in time with a costumed ranger to explore more than 140 years of lighthouse history. Tours last 40-45 minutes and are historic in nature. Roughly twenty minutes is spent on the ground floor of the Lighthouse exploring the Work Room, Oil Room, and Rotunda. Upon climbing 114 steps up the tower you can glimpse above at a First Order Fresnel Lens that is still in use as an active aid to navigation. Climb a few more steps and catch a stunning view of Oregons coastline. ",45,false,2016-12-08,2018-06-14
228,251978,Fern Cave,Cave Tour,"A hidden oasis of green, Fern Cave has been a sanctuary for native peoples over more than a thousand years; their pictographs still mark the cave walls. The caves fragile microclimate supports a lush, vibrant haven for plants and animals otherwise not found for hundreds of miles.",60,false,2016-12-08,2018-06-14
229,252276,Cape Lookout Lighthouse,Historic Tour,This tour is Sold at the Park only. The Cape Lookout Lighthouse is open for climbing from the second week in May to the third weekend in September. Self-guided tours of up to 10 people will begin every 15 minutes during the hours of operation.  Tickets are required.,0,false,2016-12-08,2018-06-14
23,233373,Backpacking Basics - Field Class ,Nature Tour,"In Backpacking Basics - Field Class,  you will take the knowledge learned in the classroom session and apply it to an overnight trip.",1200,false,2014-05-02,2018-06-14
230,252276,Horse Sense & Survival,Nature Tour,"Take a walk on the wild side! Join Dr. Sue Stuska, the wildlife biologist who monitors the wild horses, in an amazing horse watching trip on Shackleford Banks. Get an in-depth look at wild horse behaviors and the management practices needed to maintain a wild horse herd.",0,false,2016-12-08,2018-06-14
231,251978,Crystal Ice Cave,Cave Tour,"While several caves within Lava beds National Monument contain ice, none boast the same spectacular formations that can be found in Crystal Ice Cave. The unique conditions of this cave allow water to collect and form features such as ice stalactites and stalagmites, hoodoos, and what is known as the ice water fall.",180,false,2016-12-08,2018-06-14
232,252034,Cape Hatteras Lighthouse Full Moon Tour,Historic Tour,Lighthouse Climb,60,false,2016-12-08,2018-06-14
233,252275,Boat 3 (Sandy Hook Canoe Cruise),Nature Tour,Boat 3,120,false,2016-12-08,2018-06-14
234,252275,Boat 4 (Sandy Hook Canoe Cruise),Nature Tour,Boat 4,120,false,2016-12-08,2018-06-14
235,252275,Boat 5 (Sandy Hook Canoe Cruise),Nature Tour,Boat 5,120,false,2016-12-08,2018-06-14
236,252275,Boat 1 (Sandy Hook Canoe Cruise),Nature Tour,Boat 1,120,false,2016-12-08,2018-06-14
237,252275,Boat 2 (Sandy Hook Canoe Cruise),Nature Tour,Boat 2,120,false,2016-12-08,2018-06-14
238,252276,Evening at the Cape,Historic Tour,"This opportunity will be offered on select dates near the full moon during the months of June, July, August, September. Bring your own flashlight and experience the island and the lighthouse as the keepers did, in the dark of night. Hear stories of the light keepers, watch the sunset and moon and stars come out on the unlit beaches of Cape Lookout National Seashore. Discover a different side to your favorite beach!",180,false,2016-12-08,2018-06-14
239,252277,"_old_Rebels, Redcoats and Homespun Heroes Educational Program/Hartwell Tavern Location",Historic Tour,"This three-part curriculum-based program begins with viewing our multimedia presentation, The Road to Revolution at Minute Man Visitor Center (a separate reservation is NOT required for the multimedia show when you reserve this program). Following the film, students travel by bus to Hartwell Tavern where they meet a Colonial Militiaman, British Soldier or Daughter of Liberty (portrayed by a Park Ranger) and discover what it was like to live through this incredible period of history and the events of 1775. ",180,true,2016-12-08,2018-06-14
24,233373,Backpacking Basics - Classroom Session ,Nature Tour,"In Backpacking Basics,  you will learn how to plan a trip, learn necessary survival skills.",400,false,2014-05-02,2018-06-14
240,252277,"Road to Revolution at Minute Man Visitor Center / Rebels, Redcoats and Homespun Heroes at Hartwell Tavern",Historic Tour,"This three-part curriculum-based program begins with viewing our multimedia presentation, The Road to Revolution at Minute Man Visitor Center (a separate reservation is NOT required for the multimedia show when you reserve this program). Following the film, students travel by bus to Hartwell Tavern where they meet a Colonial Militiaman, British Soldier or Daughter of Liberty (portrayed by a Park Ranger) and discover what it was like to live through this incredible period of history and the events of 1775.",105,true,2016-12-08,2018-06-14
241,252277,"Road to Revolution at Minute Man Visitor Center / Rebels, Redcoats and Homespun Heroes at Whittemore House",Historic Tour,"This three-part curriculum-based program begins with viewing our multimedia presentation, The Road to Revolution at Minute Man Visitor Center (a separate reservation is NOT required for the multimedia show when you reserve this program). Following the film, students meet a Colonial Militiaman, British Soldier or Daughter of Liberty (portrayed by a Park Ranger) and discover what it was like to live through this incredible period of history and the events of 1775. ",105,true,2016-12-08,2018-06-14
242,252277,The Road to Revolution (Group Reservations only),Movie Tour,"This award winning, multimedia theater program gives an excellent introduction to the historic events of April 19, 1775. Advance reservations are available for groups of 15 or more. Individuals or smaller groups do not need a reservation. ",25,true,2016-12-08,2018-06-14
243,252279,Introduction to the Cedar Creek Canoe Trail,Nature Tour,Learn about Congaree National park while enjoying a 30 to 45 minute ranger led canoe trip on the Cedar Creek Canoe Trail. All participants must be at least 6 years of age or older and must be able to swim. This program is offered on a first come first served basis (no reservations required).   Meet park rangers at South Cedar Creek canoe launch.,45,false,2016-12-08,2018-06-14
244,252279,Ranger Guided Canoe Tour,Nature Tour,"Have you ever wanted to take a canoe trip on Cedar Creek with a park ranger? The park offers a limited number of free guided canoe tours each year allowing visitors to experience the Congaree Wilderness in a unique way. While on the creek, rangers will talk about the natural and cultural history of the last remaining old-growth buttomland forest in the United States. Visitors will see large bald cypress, loblolly pine and a variety of wildlife while on the tour. Would you like to join us?",180,false,2016-12-08,2018-06-14
249,252948,Piedras Blancas Light Station Tour,Historic Tour,"This tour is more than just a walk through history. During this 2 hour tour you will not only learn about the importance of light houses to the maritime history of California but you will see amazing wildlife which could include whales, elephant seals, Peregrine Falcons and any of the 100s of species which call Piedras Blancas Home.  Your knowledible docent will guide you on an easy 1/2 mile walk through our nature preserve and historic buildings including the 140 year old Piedras Blancas Light House.   ",120,true,2016-12-08,2018-06-14
25,233373,Civilian and Youth Conservation Corps Outing,Nature Tour,"Spend two nights at Longbow Organizational Camp learning about the history, short day hikes, and preparing for the annual potluck picnic.",1200,false,2014-05-02,2018-06-14
250,253503,FULL MOON BIKE RIDE,Nature Tour,FULL MOON BIKE RIDE,180,false,2016-12-08,2018-06-14
251,253503,LAKE LUCERO,Nature Tour,LAKE LUCERO,180,false,2016-12-08,2018-06-14
252,253503,Sunrise Arts,Nature Tour,Sunrise Arts,120,false,2016-12-08,2018-06-14
253,253503,FULL MOON HIKE,Nature Tour,FULL MOON HIKE,60,false,2016-12-08,2018-06-14
254,253503,STEP THROUGH TIME,Historic Tour,STEP THROUGH TIME,180,false,2016-12-08,2018-06-14
255,253731,Haleakala Sunrise - Summit,Nature Tour,Observe Sunrise from Haleakala Summit is a popular activity among visitors to Maui. Parking at the Haleakala Summit is limited. This reservation ensures that you will have a parking space at one of the four sunrise viewing locations at the summit.,240,true,2016-12-08,2018-06-14
256,251898,Family Tour (13 and up),Cave Tour,"After passing through the Spider Web Gate, your guide will give you a brief history of Crystal Cave and point out unique features and formations.  You will then be led from room to room on a paved, lighted pathways, pausing to listen to water and echoes of the cave in total darkness",50,false,2016-12-15,2018-06-14
257,251898,Life on Other Worlds,Cave Tour,Come celebrate the night skies with us!  During Sequoia and Kings Canyon annual Dark Sky Festival we will be hosting special cave programs at Crystal Cave.  Did you ever wonder if there really is a possibility of Life on Other Worlds?  Does the answer lie in caves?  Come and see us during the Dark Sky Festival and find out! ,50,false,2016-12-15,2018-06-14
258,234787,Dances of the Ancients - 9:30 am,Historic Tour,Dances of the Ancients,120,false,2017-02-02,2018-06-14
259,234787,Partial Eclipse of the Sun,Historic Tour,Partial Eclipse of the Sun - Special One-Time Event for 2017 ONLY,165,false,2017-02-02,2018-06-14
26,233373,Santiam Wagon Road - Snow Creek to House Rock,Historic Tour,Explore what early travel was like in the forest on the historic toll road that once linked the Willamette Valley to eastern Oregon. Hike is mostly downhill.,480,false,2014-05-02,2018-06-14
260,234787,Early Tour & Dances of the Ancients Package 8:30 am,Combo Tour,"This combination package begins at the upper parking lot with a one-hour guided tour of the Pueblo Trail.  You will see several unexcavated sites along the way to the Great House Pueblo, with awe-inspiring views of the San Juan Mountains and the two pinnacles. This moderately-challenging unimproved trail has a 200-foot elevation gain and exposure to heights and steep drop-offs. Parents are asked to closely supervise their children for the safety of all attendees. </p>",0,false,2017-02-23,2018-06-14
261,251937,Gold Rush 101 Historic District Walking Tour,Historic Tour,"Weekdays at 9:00, 11:00, and 3:00. Rangers reveal characters and stories of Skagways early days. Explore the heart of the National Historic District with 2-3 stops outside colorful, gold rush buildings. All tours cover the basics of the gold rush story. All tours end at the Moore Homestead Museum for a free look inside a restored frontier family home. Check out a <a href=https://www.nps.gov/klgo/planyourvisit/walking-tours.htm>video of walking tour highlights</a>.",45,true,2017-02-23,2018-06-14
262,251937,Untold Stories: Buffalo Soldiers Historic District Walking Tour,Historic Tour,"Men of the 24th Infantry - an all African American unit - maintained law and order in frontier Skagway. They served as the communitys emergency response unit and border patrol. Yet, they sparked controversy when they joined Alaskas first Young Mens Christian Association (Y.M.C.A.). Join a ranger to explore the Buffalo Soldiers contributions to Skagways past on this four block stroll of the historic district.",45,true,2017-02-23,2018-06-14
263,255304,"Leaving from Gatlinburg, TN",Nature Tour,"Buses will pick visitors up from designated parking lots in Gatlinburg, TN and will drop them off at Clingmans Dome for the event. Buses will return visitors to Gatlinburg at the end of the day.",0,true,2017-02-23,2018-06-14
264,255304,"Leaving from Cherokee, NC",Nature Tour,"Buses will pick visitors up from designated parking lots in Cherokee, NC and will drop them off at Clingmans Dome for the event.  Buses will return visitors to Cherokee at the end of the day.",0,true,2017-02-23,2018-06-14
265,234787,Dances of the Ancients - 12:30 pm,Historic Tour,Dances of the Ancients,0,false,2017-03-16,2018-06-14
266,234787,Early Tour - 8:30 am,Historic Tour,"If youve never been to Chimney Rock National Monument, take this opportunity to learn more about the people who lived in this wondrous site 1,000 years ago. Youll walk the one-third-mile Great Kiva Trail with a tour guide, and then climb the Pueblo Trail in time for the full moon program.  Guests will see a 44-foot diameter excavated great kiva on this early tour. Also on this easy trail, theres an excavated pit house, a typical residence of the ancient ones. This is a $5 add-on to the other program and tickets are non-refundable, rain or shine.",60,false,2017-03-16,2018-06-14
267,234787,Early Tour - 11:30 am,Historic Tour,"If youve never been to Chimney Rock National Monument, take this opportunity to learn more about the people who lived in this wondrous site 1,000 years ago. Youll walk the one-third-mile Great Kiva Trail with a tour guide, and then climb the Pueblo Trail in time for the full moon program.  Guests will see a 44-foot diameter excavated great kiva on this early tour. Also on this easy trail, theres an excavated pit house, a typical residence of the ancient ones. This is a $5 add-on to the other program and tickets are non-refundable, rain or shine.",60,false,2017-03-16,2018-06-14
268,234787,Early Tour & Dances of the Ancients Package 11:30 am,Combo Tour,"This combination package begins at the upper parking lot with a one-hour guided tour of the Pueblo Trail.  You will see several unexcavated sites along the way to the Great House Pueblo, with awe-inspiring views of the San Juan Mountains and the two pinnacles. This moderately-challenging unimproved trail has a 200-foot elevation gain and exposure to heights and steep drop-offs. Parents are asked to closely supervise their children for the safety of all attendees. </p>",0,false,2017-03-16,2018-06-14
27,233373,Gordon Meadows Wildflower Hike,Nature Hike,"Enjoy a spectacular display of wildflowers, including camas and elephants-head. ",480,false,2014-05-02,2018-06-14
276,233373,CCC Annual Picnic,Nature Tour,"Join us in celebrating the successes and the stories of the Civilian Conservation Corps. This annual event at Longbow Organizational Camp is free and open to the public, we just ask you bring a potluck dish to share.  Program begins at 11:00 am. If you would like transportation, call the Sweet Home Ranger District front desk at 541-367-5168",300,true,2017-04-20,2018-06-14
277,233373,In Search of Judge Waldo,Nature Tour,"Follow in the footsteps of Oregons own John Muir, Judge JB Waldo. Travel the Old Cascades visiting his favorite campsites and fishing holes.",480,false,2017-04-20,2018-06-14
278,233373,Total Eclipse from Gordon Meadows and Huckleberry Picking,Nature Tour,"Experience the total eclipse of the sun in a beautiful mountain meadow, followed by gathering huckleberries. Eclipse glasses will be available to purchase at the Ranger District, or bring your own. Eclipse glasses will be required for this hike. Dont forget a berry container and come prepared for a day in the forest.  Bring water, lunch, and appropriate clothing.",420,false,2017-04-20,2018-06-14
279,233373,Lichens Mosses and Early Wildflowers,Nature Tour,An easy 2 mile hike to learn about the ecology and identification of the common mosses and lichens adorning our trees and forest floor while enjoying Spring wildflowers.,360,false,2017-04-20,2018-06-14
28,233373,Moon Rise on Iron Mountain ,Historic Tour,See the moon rise from the top of Iron Mountain.  Sun and moon will be rising/setting at almost the same time on this particular day.  Discover being outdoors at night.  ,480,false,2014-05-02,2018-06-14
280,233373,Big Tree Expedition,Nature Tour,Be part of our Citizen Scientist experience and record the initial listing of the Sweet Home Ranger District Big Tree inventory. We will measure very large trees and feel the heartbeat of their magnificence. Historical and botanical values will be recognized and documented. ,480,false,2017-04-20,2018-06-14
281,261701,Tour of the Carter G. Woodson Home,Historic Tour,"Tours are of the first, second, and third floors of Dr. Carter G. Woodsons home. The site is still undergoing renovation and adjoining structures are not yet completed.",30,true,2017-06-08,2018-06-14
282,261701,Group Tour of the Carter G. Woodson Home,Historic Tour,"Tours are of the first, second, and third floors of Dr. Carter G. Woodsons home. The site is still undergoing renovation and adjoining structures are not yet completed.",30,true,2017-06-08,2018-06-14
284,250795,Kayak Adventure: Truro and Provincetown,Nature Tour,Kayak Trip: Paddling Adventure: Truro and Provincetown,180,false,2017-06-15,2019-06-23
286,233266,Interagency Senior Annual Pass,Pass,Interagency Senior Annual Pass,0,false,2017-08-31,2018-06-14
287,234642,Group A,Pass,Group A,120,false,2018-01-25,2018-06-14
288,233338,Deluxe Tour,Historic Tour,"Next this Deluxe Tour provides exclusive access, via your smart phone, to the National Park Services WWII archives and videos on the attack at Pearl Harbor at each of the narrated tour stops.",180,false,2018-01-25,2018-06-14
289,233338,USS Arizona Memorial Deluxe Tour,Combo Tour,"This reservation includes a free, timed USS Arizona Memorial program ticket. This comprehensive three hour self-guided package incorporates three incredible Pearl Harbor tour experiences. ",0,false,2018-01-25,2018-06-14
29,233373,Browder Ridge,Nature Tour,Hike through an old growth forest to a wildflower-filled subalpine meadow with great views of the Cascade peaks.,480,false,2014-05-02,2018-06-14
291,234787,Geology Tour,Historic Tour,"This 1.5 hour guided tour explores local geology and its relationship to the daily lives of the ancestral Puebloans who lived at Chimney Rock.  Rock types impact structures, pottery, tools, and soil productivity; geologic processes determine the landscape, and, at Chimney Rock, play a central role in climate.  The hike up the Pueblo Trail to the Chacoan Great House may be difficult for some in terms of the steep gradient, uneven footing, and elevation. ",90,false,2018-02-08,2018-06-14
292,234787,Stories at Sunset,Historic Tour,"Gather around the Great Kiva as sunset approaches, to enjoy Native American stories told by tribal storytellers.  After the story telling, well return to the upper parking lot to enjoy the sunset.",240,true,2018-02-08,2018-06-14
295,233362,Balcony House Early Bird Tour,Cliff Dwelling Tour,"Looking for an early morning adventure? This daily, early bird tour offers benefits of a small group size, cooler temperatures, and more time in the dwelling than a regular Balcony House tour. It is also available for advance, online reservations!  <br><br>  On this 90-minute tour, you will climb a 32-foot (9.8 m) ladder, crawl through an 18-inch wide (45 cm) and 12-foot (3.7 m) long tunnel, and climb up a 60-foot (20 m) open cliff face with stone steps and two 10-foot (3 m) ladders to exit.   <br><br>  Cameras are welcome, but you must be able to carry all of your gear while keeping your hands free to climb the ladders.  <br><br>  The tour begins at the north end of the Balcony House parking lot, a 24-mile (38.6 km), 1 to 11/4 hour drive from park entrance. Meet the ranger at the benches under the shade structure at Balcony House at least 15 minutes in advance of start of tour.  <br><br>  The tour is offered daily at 8:00 am from May 27, 2018 to September 8, 2018. ",90,false,2018-02-15,2018-06-14
296,233362,Square Tower House,Cliff Dwelling Tour,"This short but strenuous hike leads to a stunning and surprisingly intimate cliff dwelling. Unusual aspects of this site include an original kiva roof and the Crows Nest, features that cannot be seen from the viewpoint on the canyon rim.<br><br>This strenuous 2-hour, 1-mile (2.6km) round-trip hike is along an unpaved, uneven trail that descends 100 feet (30 m), and includes steep drop-offs, switchbacks, climbing three ladders (the longest is 20 feet [6.1m]), and scrambling up and down boulders. Wear sturdy hiking shoes or boots, bring at least 1/2 gallon (1.8 liters) of water per person, and sun protection.<br><br>This hike may not be appropriate for young children. Each hiker must be able to scramble over boulders and navigate steep gravel trails unassisted. Please, bring no food or snacks! Archeological sites are vulnerable to damage caused by rodents attracted to crumbs and dropped snacks.",120,false,2018-02-15,2018-06-14
297,234787,Summer Sunrise,Historic Tour,Attendees rise early and watch the sun rise from two special places at Chimney Rock. ,120,false,2018-03-08,2018-06-14
298,273800,Dog Mountain Trail System Permit,Nature Tour,"The popular Dog Mountain - Augspurger Loop Trail is a strenuous 6.8-mile loop that climbs 2,828 feet. Approximate hiking time is three to six hours. The area provides opportunities for several shorter hikes as well. Visitors can expect crowded conditions along the trail on weekends during the wildflower season. ",0,false,2018-03-08,2020-02-28
299,234787,Early Tour - Stories,Historic Tour,"Prior to the Stories at Sunset program, enjoy a 1-hour guided tour of the Pueblo Trail, which takes you to the pueblo site just below the two pinnacles which give Chimney Rock its name. Be aware that this trail is unimproved and includes steep sections and sheer drop-offs with no handrails. This is a $5 add-on ($2.50 add-on for children 5-12) to the Stories at Sunset program.",60,false,2018-03-15,2018-06-14
30,233373,Iron Mountian and Cone Peak Wildflower Hike,Nature Hike,"Explore the wildflowers, panoramic views and geologic formations that surround these two landmarks. Trail is rocky and uneven in places.",480,false,2014-05-02,2018-06-14
300,234787,Early Tour & Stories at Sunset Package,Combo Tour,"Prior to the Stories at Sunset program, a guided tour of the Pueblo Trail will be offered for 25 people.",0,false,2018-03-15,2018-06-14
301,274287,Sunset Tour,Nature Tour,Watch as the sun appears to melt into the lake. Experience one of the best views of the lake at one of the most picturesque times of the day. This will be an inspiring and beautiful experience you wont soon forget.,120,false,2018-04-19,2018-06-14
302,274287,Night Sky Tour,Nature Tour,"Suppose you had a clear, moonless night. How many stars could you see with the eye alone?",210,false,2018-04-19,2018-06-14
303,233373,Paddle Board/Kayak Daly Lake with the Ranger,Nature Tour,Enjoy a day of paddling Daly Lake and conducting a biological inventory of the lake. ,240,false,2018-04-26,2018-06-14
304,233373,Horseback Ride With The Ranger,Nature Tour,Enjoy a 13 mile horseback  ride,480,false,2018-04-26,2018-06-14
305,233373,U.S. Capitol Christmas Tree Ornament Making,Nature Tour,Create your own ornament to go to Washington DC for the 2018 Capitol Christmas Tree. This will be a day spent crafting outdoors at Longbow shelter.There will be supplies provided to create three ornaments. Please feel free to bring your own medium for a project. There is no electrcity at this facility. This is a free event. To register please call the  Sweet Home Ranger District front desk. 541-367-5168,390,true,2018-04-26,2018-06-14
306,233373,Mountain Biking with the Ranger,Nature Tour,"Enjoy a 19 mile single-track mountain bike ride on the historic Santiam Wagon Road going back in time to learn about the importance of this historic route to early settlers.  The ride is rated as moderately difficult, has rolling hills, and an overall descent of 1000 feet. We will ride downhill and be picked up via shuttle at House Rock Campground.  The shuttle vehicles will take participants and their bikes back to their vehicles at Fish Lake.     ",480,false,2018-04-26,2018-06-14
307,233373,U.S. Capitol Christmas Tree Send Off,Nature Tour,Join the City of Sweet Homes celebration parade adnd send off of the U.S. Cappitol  Christmas Tree as itmakes its way along The Oregon Trail  (in reverse) to the West Lawn of the Capitol in Washington D.C.  The time for this event has not been determined.  contact ; Nikki Swanson nswanson@fs.fed.us,360,true,2018-04-26,2018-06-14
308,274313,Beat 1,Nature Tour,Beat 1,0,false,2018-04-26,2018-06-14
309,274313,Beat 2,Nature Tour,Beat 2,0,false,2018-04-26,2018-06-14
31,233373,Santiam Wagon Road - Fish Lake to Lost Prairie ,Historic Tour,Explore what early travel was like in the forest on the historic toll road that once linked the Wilamette Valley to Eastern Oregon.,480,false,2014-05-02,2018-06-14
310,274313,Beat 3,Nature Tour,Beat 3,0,false,2018-04-26,2018-06-14
311,251610,Family Cave Tour,Cave Tour,Take a journey into the underground to discover the uniqueness of Oregon Caves together as a family!,90,false,2018-05-10,2018-06-14
312,274348,Bus Parking,Pass,Bus Parking,180,true,2018-05-17,2018-06-14
313,274349,Moonlight (7:30 pm - 10:00 pm) Kayak at Oak Bottom,Nature Tour,Hop on a tandem kayak,150,false,2018-05-17,2018-06-14
314,274349,Morning (9:00 am-11:30 am) Kayak at Oak Bottom,Nature Tour,Hop on a tandem kayak,150,false,2018-05-17,2018-06-14
315,274349,Evening (5:00 pm-7:30 pm) Kayak at Oak Bottom,Nature Tour,Hop on a tandem kayak,150,false,2018-05-17,2018-06-14
316,274349,Paddle Board at Brandy Creek (1:30 PM- 3:30 PM),Nature Tour,Designed for those with little or no previous experinece on a paddle board,120,false,2018-05-17,2018-06-14
32,233373,Early Mountain Wildflowers and Late Lichens and Mosses,Nature Hike,"See the first flowers to appear once the snow melts, followed by a tour of other creatures that adorn the forest.",480,false,2014-05-02,2018-06-14
33,233373,Santiam Wagon Road - Latiwi Creek to Mountain House,Historic Tour,Explore what early travel was like in the forest on the historic toll road that once linked the Willamette Valley to eastern Oregon. Hike is mostly downhill.,480,false,2014-05-02,2018-06-14
34,233373,Santiam Wagon Road - Enos Road to Clear Lake,Nature Hike,Explore what early travel was like in the forest on the historic toll road that once linked the Willamette Valley to eastern Oregon. Hike is mostly downhill.,0,false,2014-05-02,2020-03-13
35,233373,Art in Nature -  Spring Flowers,Nature Hike,Bring your art supplies and a sense of adventure to have an art filled experience in the great outdoors. ,480,false,2014-05-02,2019-05-16
36,233373,Creativity on the Edge of the Wild,Nature Hike,Bring your art supplies and a sense of adventure to have an art filled experience in the great outdoors.,480,false,2014-05-02,2018-06-14
37,233373,South Pyramid Creek to Shedd Camp Shelter,Historic Tour,Follow in the footsteps of the early packers on the forest as you walk the trails they used.,480,false,2014-05-02,2018-06-14
38,233373,Friends of Fish Lake Tour,Nature Tour,"Walk through Fish Lake Historic site, exploring the legacy of Native Americans, Santiam Wagon Road, and 20th centrury Forest Service including all buildings and equipment from 1920-30s.",480,false,2014-05-02,2018-06-14
39,234787,Guided Walking Tours,Historic Tour,"Plan to spend two hours for this guided tour as a trained volunteer tells the story of the people who lived at the Monument 1,000 years ago. The tour includes both the Pueblo trail and the Great Kiva trail. Guests will see a 44-foot diameter excavated great kiva. Also on this easy trail, theres an excavated pit house, a typical residence of the ancient ones and a sacred archeoastronomy site. The unimproved natural Pueblo trail is 1/2 mile round trip with a 200-foot elevation gain, topping out at 7,600-feet elevation. The Pueblo Trail features a multi-family dwelling and several unexcavated structures. At the top, Chimney Rocks Chacoan-style Great House Pueblo is spectacular against the backdrop of the San Juan Mountains. ",120,true,2014-05-02,2018-06-14
4,233362,Cliff Palace Twilight Tour,Cliff Dwelling Tour,"Photographers, and those who would like to visit the famous Cliff Palace through the historical photographers lens, take this opportunity to spend 90 minutes in Cliff Palace with a park ranger in a small group setting.  On this evening tour, dramatic sunset lighting will appeal to photographers as well as those seeking a deeper connection with this extraordinary archeological treasure. Tripods and all kinds of cameras are welcome. BUT YOU MUST BE ABLE TO CARRY ALL OF YOUR GEAR WHILE KEEPING YOUR HANDS FREE TO CLIMB LADDERS. <br><br>The tour is available daily from May 27th, 2016 to September 5, 2016. Meet the ranger on the overlook above Cliff Palace at least 15 minutes in advance of the tour. Drive time to the Cliff Palace overlook from the park entrance is approximately one hour.",90,false,2014-05-02,2018-06-14
40,234787,Full Moon,Historic Tour,The full moon program takes place against the backdrop of the Great House Pueblo at the top of Chimney Rock Mesa.,180,false,2014-05-02,2018-06-14
400,234787,Autumn Equinox Sunrise Program,Historic Tour,Experience the sunrise from the Chacoan Great House and learn why these events were important to the Ancient Ones.,60,true,2020-02-13,2020-02-13
401,234787,Wildlife of Chimney Rock,Cliff Dwelling Tour,"Southwest Colorado and the Chimney Rock area have a rich abundance of wildlife.  Animals live here and travel through the area on their annual migrations.  Why do animals choose to use this area and what makes it so important to them?  Several species of raptors nest in the Chimney Rock area.  What species are these and where do they nest?   Lynx once roamed the surrounding wilderness.  Can you still find lynx in Colorado and if so, why or why not?  The last grizzly bears in Colorado were killed within sight of Chimney Rock.  The last grizzly succumbed in a battle of life and death between one man and the bear.  What happened, and was she indeed the last?  If these questions arouse a desire to learn more, join us on this 1.5-hour tour.  Stories will be recounted that provide answers to these questions and other narratives of wildlife explored.  We’ll travel through some of these animals’ habitats and learn more about what animals need to survive.  Bring binoculars in the event that we’re lucky enough to see some of these fascinating creatures! The tour requires negotiation of a steep, rough trail with exposure to heights and drop-offs.",90,false,2020-02-21,2020-02-21
402,234787,Flora of Chimney Rock,Cliff Dwelling Tour,"A thousand years ago the people who lived at Chimney Rock depended on the plants around them for food, fuel, tools, housing, clothing, medicine, and art.  The breadth and depth of their knowledge is almost unimaginable today.  Join us for an introduction to some of the plant species that grow at Chimney Rock and their uses by ancestral Puebloan people.  The tour will include the Great House and requires negotiation of a steep, rough trail with exposure to heights and drop-offs.",90,false,2020-02-21,2020-02-21
403,234787,Birding at Chimney Rock,Cliff Dwelling Tour,"Join us for a fun and casual 2-hour bird-walk led by a knowledgeable birding guide from the Weminuche Audubon Society. These outings are designed to introduce you to the diverse community of birds that spend their summer at Chimney Rock National Monument. Birders of all skill levels are welcome to participate. Your guide will help you identify various species and explain the unique adaptations that allow these birds to survive here. Participants will be walking slowly on uneven terrain in the lower area of CRNM (no archaeological sites are included on this tour). Good walking shoes are advised, along with plenty of water and sun protection. Bring binoculars if you have them. Not recommended for young children.",120,false,2020-02-21,2020-02-28
41,234787,Early Tour & Full Moon Package,Combo Tour,This program begins at the upper parking lot with a one-hour guided tour on the 1/3 mile paved Great Kiva Trail loop.,0,false,2014-05-02,2018-06-14
410,234787,Summer Solstice Sunrise Program,Historic Tour,Experience the sunrise from the Chacoan Great House and learn why these events were important to the Ancient Ones.,60,true,2020-02-13,2020-02-13
42,234787,Night Sky: Stars and Galaxies,Historic Tour,"Remote from city lights, enjoy the night sky in a truly dark environment. Your evening begins with a talk at the Visitor Center amphitheater. Topics range from what the ancient people noticed in the night sky to how a telescope helps us see stars and current topics in astronomy. As darkness descends, guests drive to the High Mesa parking lot where volunteer astronomers await with telescopes to provide a closer look at the wonders of the night sky. ",210,true,2014-05-02,2018-06-14
44,234787,Autumnal Equinox,Historic Tour,"Watch the sun rise over the San Juans this first day of autumn, and discuss how the ancients may have lived, and why they celebrated the equinoxes. This 2-3 hour event begins at the Sun Tower, a place not visited on our regular tours, and concludes at the Stone Basin providing two viewing locations.",120,false,2014-05-02,2018-06-14
45,234787,Life at Chimney Rock,Historic Tour,"This free, family-oriented festival is held at Chimney Rocks Visitor Center area. Step back in time as volunteers and artisans demonstrate ancient tools and crafts. ",360,true,2014-05-02,2018-06-14
46,233338,USS Arizona Memorial with Narrated Tour,Combo Tour,"Visitors interested in a fully-narrated tour should choose this option, which includes a ticket for the USS <i>Arizona</i> Memorial program in addition to the audio tour narrated by award-winning actress Jamie Lee Curtis, daughter of actor and Pacific War veteran Tony Curtis.<br><br>The audio tour provides unique interpretation not only throughout USS <i>Arizona</i> Memorial program, but throughout the entire visitor center, including both interpretive exhibit galleries and the waterfront interpretive displays. Featuring guest narration by Pearl Harbor Survivors and National Park Service Historian Daniel Martinez, the audio tour is recommended for all visitors looking for an enhanced experience.<br><br>Audio tour headsets are available for rent at the booth to the left of the NPS Tickets and Information Desk, and the tour is available in seven languages: English, French, Japanese, Korean, Mandarin, German, and Spanish.",0,false,2014-05-02,2018-06-14
47,233338,Passport to Pearl Harbor,Combo Tour,"The <b>Passport to Pearl Harbor</b> is the most popular tour and allows you to experience all four of the Pearl Harbor Historic destinations at a discounted price. Our Passport to Pearl Harbor is valid for two days within a consecutive seven-days period and includes the <b><a href= http://www.nps.gov/valr> the USS <i>Arizona</i> Memorial Narrated Tour</a></b>, and admission to <b><a href= http://www.bowfin.org> the USS <i>Bowfin</i> Submarine Museum & Park</a></b>, <b><a href= http://www.ussmissouri.com> the Battleship <i>Missouri</i> Memorial</a></b>, and <b><a href= http://www.pacificaviationmuseum.org>Pacific Aviation Museum Pearl Harbor</a></b>.  Reserved Passport to Pearl Harbor tours can be picked up at the National Park Services Ticket Desk.",0,false,2014-05-02,2018-06-14
49,233373,Fall Colors & Seasonal Changes Hike,Nature Hike,Enjoy the impressive fall color display of the Old Cascades.,450,false,2014-05-02,2018-06-14
5,233266,Child Annual Pass,Pass,Child Annual Pass,0,false,2014-05-02,2018-06-14
50,233373,Wildflower Auto Tour - No Walking Necessary,Nature Tour,Explore native wildflowers and the volcanic landscapes that formed the Cascades on a narrated auto tour through the  District.,450,false,2014-05-02,2018-06-14
500,233362,Balcony House,Cliff Dwelling Tour,A tour of Balcony House is one of the most adventurous in the park and not for the faint-of-heart.,60,false,2020-02-13,2020-02-13
501,233362,Long House,Cliff Dwelling Tour,A tour of Long House is one of the most in-depth in the park,120,false,2020-02-13,2020-02-13
502,233362,Cliff Palace,Cliff Dwelling Tour,A tour of Cliff Palace is one of the most awe-inspiring in the park.,60,false,2020-02-13,2020-02-13
51,233373,Echo Basin,Nature Hike,Experience a wildflower-filled meadow in a natural amphitheater and see the largest Alaskan yellow cedars to be found.,480,false,2014-05-02,2018-06-14
52,233373,Gordon Meadows Heritage Hike,Natural and Cultural Hike,"This tour will visit cultural settings including open meadows, ancient trails, old growth trees, and the Edge of the World Site. Tribal practices for the past 8000 years will be discussed.",450,false,2014-05-02,2018-06-14
54,233373,Santiam Wagon Road Hike - Eno Road to Clear Lake,Historic Tour,Explore what early travel was like in the forest on the historic toll road that once linked the Willamette Valley to eastern Oregon.,450,false,2014-05-02,2018-06-14
55,233373,Huckleberry Haven,Nature Hike,Learn about the berries that have sustained people and wildlife in the Cascades for thousands of years. Includes traditional uses of berries and how to distinguish between edible and non-edible.  This is a great hike for families. Please bring a berry container. ,480,false,2014-05-02,2018-06-14
56,233373,Fall Edible Mushrooms,Nature Tour,"Learn about the uses of wild mushrooms, how to distingush between edible and non-edible species.  We will collect edible mushrooms and have a cooking demonstration at Longbow Organizational Camp in the afternoon. Bring a small collecting knife and bags/baskets.",480,false,2014-05-02,2018-06-14
57,233373,Kids Kicking It in the Snow! Snowshoe Trek,Nature Hike,Learn about proper snowshoeing technique and about the winter environment in the Cascades.  This hike is open to families; children 12 and older are welcome with adult supervision.  ,480,false,2014-05-02,2018-06-14
58,233373,Edible Mushroom Hike and Cooking Demonstration,Nature Tour,"Learn about the uses of wild mushrooms, how to distinguish between edible and non-edible species; we will collect edible mushrooms and have a cooking demonstration at Longbow in the afternoon. Bring a small collecting knife and bags/baskets.",360,false,2014-05-02,2018-06-14
59,233373,Santiam Wagon Road - Burnside to Mountian House,Historic Tour,"This hike leave promptly from the ranger district office at scheduled time.  Please come prepared for a day in the forest, lunch, water, appropriate clothes, etc",450,false,2014-05-02,2018-06-14
60,233373,Three Pyramids Wildflower Hike,Nature Hike,A steep but beautiful hike. This 2 mile trail acsends 1600 feet in elevation through old growth forest and meadow before switchbacking to the summit of the Middle Pyramid. Lots of wildflowers and a spectacular view! ,510,false,2014-05-02,2018-06-14
61,233373,Streamside Rock Hounding,Nature Tour,"Enjoy a sunny day on the river, while learning about the origin and identification of our multi-colored river rocks. Requires stable footing for wading up to one mile in the river. Please come prepared for a day on the river, including good footwear for wading, lunch and water. Feel free to bring a rock identification book, a rock hammer and a hand lens.",390,false,2014-05-02,2018-06-14
62,233373,Fall Mushroom Hike - Edibles & Poisonous!,Nature Hike,"The first half of this hike involves learning basic mushroom identification techniques with a focus on distinguishing between edible and non-edible species. Enjoy mushroom collection during the second half. A bucket or basket, and a small cutting knife are recommended. Involve climbing over logs and hiking on rocky trails. Bring waterproof boots.",450,false,2014-05-02,2018-06-14
64,233373,Winter on the Wagon Road Snowshoe Trek,Nature Hike,"Explore what early travel was like in the forest on the historic toll road that once linked the Willamette Valley to eastern Oregon. The exact route will depend on snow conditions.  Conditions can be tough, no novices please.",480,false,2014-05-02,2018-06-14
65,233373,Iron Mountain and Cone Peak Heritage Hike,Historic Tour,"Explore the cultural history, wildflowers, panoramic views and geologic formations that surround these two landmarks. Trail is rocky and uneven in places.",450,false,2014-05-02,2018-06-14
66,233373,Lave Lake,Nature Tour,"Geology, cultural history and botany all await discovery. Explore a scenic, unique and diverse landscape with an 8,000 year old cultural context.",480,false,2014-05-02,2018-06-14
67,233373,Birding in Your Parks Series - Sunnyside County Park,Nature Hike,"Birdwatching for beginners at Park locations.  Learn how to identify birds by sight and sound, along with learning habitat for resident and migratory species.",360,false,2014-05-02,2018-06-14
68,233373,Learn Your Lichens and Mosses,Nature Hike,On this hike participants will learn how to identify common lichen and moss species found in the Cascades and why these organisms are important as environmental indicators.,450,false,2014-05-02,2018-06-14
69,233373,Survival in the Wilderness and Other Places,Nature Tour,Learn skills on how to survive an outdoor emergency in Western Oregon. ,480,false,2014-05-02,2018-06-14
71,234636,Douglass Home Standard Tour,Historic Tour,"Tour the Victorian mansion that was the last residence of famed abolitionist, statesman, and orator, Frederick Douglass",30,true,2014-05-02,2019-02-18
72,234636,Douglass Home Educational Institution/School Group Tour,Historic Tour,"Tour the Victorian mansion that was the last residence of famed abolitionist, statesman, and orator, Frederick Douglass",30,true,2014-05-02,2019-02-18
73,234637,Slaughter Canyon Cave,Cave Tour,"Slaughter Canyon Cave is a strenuous tour.  DO NOT GO TO THE VISITOR CENTER for this tour.  Participants must hike a steep, rocky, and uneven  1/2 mile trail that gains 500 feet in elevation. The tour is slippery, muddy and may require ascent of a 15 foot slope using a knotted rope.  Participants must have a high powered, reliable flashlight with new batteries as this is your only light for the tour.",330,false,2014-05-02,2018-06-14
74,234637,Hall of The White Giant,Cave Tour,"Hall of the White Giant is an extremely strenuous tour. Our most challenging tour, participants must navigate ladders, ropes, and slippery surfaces, bellycrawl for extended periods of time, and free climb rock chimneys.  This tour is not recommended for anyone who has a fear of enclosed spaces, heights, or darkness.",240,false,2014-05-02,2018-06-14
75,234637,Left Hand Tunnel ,Cave Tour,This moderately strenuous adventure tour is a historic lantern lit tour through an undeveloped section of the cave on unpaved trails.,120,false,2014-05-02,2018-06-14
76,234637,Kings Palace,Cave Tour,The Kings Palace tour is a moderately strenuous tour.  There is a steep 80 foot hill you must go down initially and then back up at the end of the tour.,90,false,2014-05-02,2018-06-14
77,234637,Lower Cave,Cave Tour,"Lower Cave is a strenuous tour.  You will descend 10 feet down a flowstone slope by knotted rope and proceed to descend 50 feet down three sets of ladders.  This trip is not recommended for anyone with a fear of enclosed spaces, heights, or darkness.",180,false,2014-05-02,2018-06-14
79,234637,Natural Entrance Self-Guided Tour,Cave Tour,Natural Entrance Self-Guided Tour,120,false,2014-05-02,2018-06-14
80,234637,The Big Room Tour,Cave Tour,The Big Room Tour,90,false,2014-05-02,2018-06-14
89,234639,.,Historic Tour,Independence Hall Tour DO NOT USE,30,true,2014-05-02,2018-06-14
90,234639,Independence Hall,Historic Tour,Independence Hall Tour,30,true,2014-05-02,2018-06-14
91,234640,Star Chamber,Cave Tour,Follow your guide as you retrace along the oldest tour trails and exit the cave into another Star Chamber above the nocturnal Kentucky Landscape.,150,false,2014-05-02,2018-06-14
92,234640,Broadway Tour,Cave Tour,"Large trunk passages, cultural history, visit the underground 1840s hospital.",120,false,2014-05-02,2018-06-14
93,234640,Historic,Cave Tour,"Large trunk passages, oldest tour route and cultural history.",120,false,2014-05-02,2018-06-14
94,234640,Trog,Cave Tour,Connections between the sunlit world and the cave world.,165,false,2014-05-02,2018-06-14
95,234640,Introduction to Caving,Cave Tour,"Safe caving techniques for beginners, natural cave environment and cave exploration suitable for family groups.",210,false,2014-05-02,2018-06-14
96,234640,Wild Cave,Cave Tour,Safe caving techniques and environment concerns and cave exploration.,360,false,2014-05-02,2018-06-14
97,234640,Focus on Frozen Niagara Tour,Cave Tour,Evening tour for amateur photographers.,105,false,2014-05-02,2018-06-14
98,234640,Domes and Dripstones,Cave Tour,"Deep pits, high domes, dry cave passages, dripstone and animal life.",120,false,2014-05-02,2018-06-14
99,234640,Great Onyx Tour,Cave Tour,"Mammoth Cave community life from 1841-1941, geologic beauty by lantern light, cave animals, park surface features.",135,false,2014-05-02,2018-06-14
